"","roobj","phi","pobj"
"1",294.96,0,190.83652
"2",283.97,0.5,185.643562892889
"3",274.93,1,180.450605785778
"4",269.39,1.5,175.257648678667
"5",265.75,2,170.064691571556
"6",262.34,2.5,164.871734464444
"7",259.53,3,159.678777357333
"8",256.99,3.5,154.485820250222
"9",256.66,4,149.292863143111
"10",256.66,4.5,144.099906036
"11",256.66,5,138.906948928889
